"run","time","lastAction","duration","fractionTxRate","fractionRxGoodput","txPackets","rxPackets","txBytes","rxBytes","lostPackets","oooPackets","lossRate","fractionLossRate","retransmissionRate","nackSuccessRate","rtt","interarrivalJitter","fractionAvInterarrivalDelay","timeCurrentReceiverReport","timeCurrentTransportFeedback"
2,2.01491,420,2,0.4,0.4,201,200,100500,100000,0,0,0,0,0.005,1,19.2194,0.886157,10,2.00793,2.00793
2,3.01491,441,3,0.441,0.42276,301,296,155600,152845,0,0,0,0,0.00337838,1,18.6142,0.674826,10.0156,3.00793,3.00793
2,4.01491,463,4,0.441,0.458432,401,400,210700,210149,0,0,0,0,0.005,1,18.5351,0.79787,10,4.00793,4.00793
2,5.01491,486,5,0.486,0.485152,501,500,271400,270793,0,0,0,0,0.004,1,17.987,0.911288,9.985,5.00793,5.00793
2,6.01491,510,6,0.486,0.4856,601,600,332100,331493,0,0,0,0,0.00333333,1,17.5599,0.643878,10.015,6.00793,6.00793
2,7.01491,536,7,0.536,0.535496,701,700,399100,398430,0,0,0,0,0.00285714,1,17.145,0.569373,10,7.00793,7.00793
2,8.01491,562,8,0.536,0.536,801,800,466100,465430,0,0,0,0,0.0025,1,16.7557,0.635448,9.985,8.00793,8.00793
2,9.01491,590,9,0.59,0.589064,901,900,539800,539063,0,0,0,0,0.00222222,1,16.4532,0.874765,10.015,9.00793,9.00793
2,10.0149,620,10,0.59,0.5896,1001,1000,613500,612763,0,0,0,0,0.002,1,16.1692,0.462988,9.985,10.0079,10.0079
2,11.0149,651,11,0.651,0.649792,1101,1100,694800,693987,0,0,0,0,0.00181818,1,15.9545,1.17139,10.03,11.0079,11.0079
2,12.0149,684,12,0.651,0.6504,1201,1200,776100,775287,0,0,0,0,0.00166667,1,15.7104,0.480255,9.97,12.0079,12.0079
2,13.0149,718,13,0.718,0.716928,1301,1300,865800,864903,0,0,0,0,0.00153846,1,15.55,0.919187,10.03,13.0079,13.0079
2,14.0149,754,14,0.718,0.7176,1401,1400,955500,954603,0,0,0,0,0.00142857,1,15.3865,1.1008,9.985,14.0079,14.0079
2,15.0149,791,15,0.791,0.789672,1501,1500,1054300,1053312,0,0,0,0,0.00133333,1,15.281,0.806168,10,15.0079,15.0079
2,16.0149,831,16,0.791,0.7904,1601,1600,1153100,1152112,0,0,0,0,0.00125,1,15.1775,0.698526,10,16.0079,16.0079
2,17.0149,873,17,0.873,0.871976,1701,1700,1262200,1261109,0,0,0,0,0.00117647,1,15.0913,1.02013,10,17.0079,17.0079
2,18.0149,916,18,0.873,0.8728,1801,1800,1371300,1370209,0,0,0,0,0.00111111,1,15.0116,0.751317,9.985,18.0079,18.0079
2,19.0149,962,19,0.962,0.960712,1901,1900,1491500,1490298,0,0,0,0,0.00105263,1,14.9125,0.87395,10,19.0079,19.0079
2,20.0149,1010,20,0.962,0.9616,2001,2000,1611700,1610498,0,0,0,0,0.001,1,14.8552,0.790227,10,20.0079,20.0079
2,21.0149,1061,21,1.061,1.05981,2201,2199,1744300,1742974,0,0,0,0,0.000909504,1,14.7683,0.274332,5.02513,21.0079,21.0079
2,22.0149,1114,22,1.061,1.0608,2401,2399,1876900,1875574,0,0,0,0,0.000833681,1,14.7216,0.472755,5.015,22.0079,22.0079
2,23.0149,1170,23,1.17,1.16851,2601,2599,2023100,2021638,0,0,0,0,0.000769527,1,14.647,0.393005,4.9925,23.0079,23.0079
2,24.0149,1228,24,1.17,1.1696,2801,2799,2169300,2167838,0,0,0,0,0.00142908,1,15.3053,1.10066,4.9925,24.0079,24.0079
2,25.0149,1228,25,1.17,1.1696,3001,2999,2315500,2314038,0,0,0,0,0.00133378,1,15.2178,0.423052,5.0075,25.0079,25.0079
2,26.0149,1290,26,1.29,1.2884,3201,3199,2476700,2475088,0,0,0,0,0.00125039,1,15.1118,0.230225,5,26.0079,26.0079
2,27.0149,1354,27,1.29,1.2896,3401,3399,2637900,2636288,0,0,0,0,0.00117682,1,15.0409,0.369458,5,27.0079,27.0079
2,28.0149,1422,28,1.422,1.42028,3601,3599,2815600,2813823,0,0,0,0,0.00111142,1,14.994,0.619914,5,28.0079,28.0079
2,29.0149,1493,29,1.422,1.4216,3801,3799,2993300,2991523,0,0,0,0,0.00105291,1,14.9316,0.369253,4.9925,29.0079,29.0079
2,30.0149,1568,30,1.568,1.56654,4001,3999,3189300,3187340,0,0,0,0,0.00150038,1,15.5788,0.30699,5,30.0079,30.0079
2,31.0149,1646,31,1.568,1.568,4201,4199,3385300,3383340,0,0,0,0,0.00142891,1,15.4309,0.534337,5,31.0079,31.0079
2,32.0149,1728,32,1.728,1.7264,4401,4399,3601300,3599140,0,0,0,0,0.00136395,1,15.2827,0.358042,5.015,32.0079,32.0079
2,33.0149,1815,33,1.728,1.728,4601,4599,3817300,3815140,0,0,0,0,0.00130463,1,15.2062,0.491455,4.9925,33.0079,33.0079
2,34.0149,1905,34,1.905,1.90303,4801,4799,4055400,4053019,0,0,0,0,0.00125026,1,15.113,0.385834,5,34.0079,34.0079
2,35.0149,2001,35,1.905,1.9048,5001,4999,4293500,4291119,0,0,0,0,0.00120024,1,15.0308,0.389157,4.9925,35.0079,35.0079
2,36.0149,2101,36,2.101,2.09884,5301,5298,4556100,4553474,0,0,0,0,0.0011325,1,14.962,0.300119,3.3495,36.0079,36.0079
2,37.0149,2206,37,2.101,2.1008,5601,5598,4818700,4816074,0,0,0,0,0.00107181,1,14.8957,0.227273,3.32833,37.0079,37.0079
2,38.0149,2316,38,2.316,2.31385,5901,5898,5108200,5105305,0,0,0,0,0.00101729,1,14.8595,0.448255,3.33333,38.0079,38.0079
2,39.0149,2432,39,2.316,2.316,6201,6198,5397700,5394805,0,0,0,0,0.000968054,1,14.8541,0.491737,3.34333,39.0079,39.0079
2,40.0149,2554,40,2.554,2.55122,6501,6498,5716900,5713708,0,0,0,0,0.000923361,1,14.8163,0.176611,3.32333,40.0079,40.0079
2,41.0149,2681,41,2.554,2.5536,6801,6798,6036100,6032908,0,0,0,0,0.000882613,1,14.8132,0.193815,3.33333,41.0079,41.0079
2,42.0149,2815,42,2.815,2.81179,7101,7098,6387900,6384382,0,0,0,0,0.000845309,1,14.803,0.363438,3.34333,42.0079,42.0079
2,43.0149,2956,43,2.815,2.8144,7401,7398,6739700,6736182,0,0,0,0,0.00081103,1,14.7785,0.247655,3.32833,43.0079,43.0079
2,44.0149,3104,44,3.104,3.1011,7701,7698,7127700,7123820,0,0,0,0,0.000779423,1,14.7195,0.318593,3.33833,44.0079,44.0079
2,45.0149,3259,45,3.104,3.104,8001,7998,7515700,7511820,0,0,0,0,0.000750188,1,14.7017,0.284356,3.32833,45.0079,45.0079
2,46.0149,3422,46,3.422,3.41842,8401,8397,7943400,7939123,0,0,0,0,0.000714541,1,14.7016,0.346969,2.51003,46.0079,46.0079
2,47.0149,3593,47,3.422,3.4216,8801,8797,8371100,8366823,0,0,0,0,0.000682051,1,14.6749,0.245642,2.49625,47.0079,47.0079
2,48.0149,3773,48,3.773,3.76929,9201,9197,8842700,8837984,0,0,0,0,0.000652387,1,14.6665,0.111686,2.49625,48.0079,48.0079
2,49.0149,3962,49,3.773,3.7728,9601,9597,9314300,9309584,0,0,0,0,0.000625195,1,14.656,0.218959,2.5,49.0079,49.0079
2,50.0149,4160,50,4.16,4.15613,10001,9997,9834300,9829100,0,0,0,0,0.00060018,1,14.5975,0.21381,2.50375,50.0079,50.0079
2,51.0149,4368,51,4.16,4.16,10401,10397,10354300,10349100,0,0,0,0,0.00057709,1,14.5538,0.155493,2.49625,51.0079,51.0079
2,52.0149,4586,52,4.586,4.58134,10901,10896,10927500,10921768,0,0,0,0,0.000550661,1,14.537,0.130365,2.00701,52.0079,52.0079
2,53.0149,4816,53,4.586,4.5856,11401,11396,11500700,11494968,0,0,0,0,0.000526501,1,14.5123,0.0317707,1.997,53.0079,53.0079
2,54.0149,5057,54,5.057,5.05209,11901,11896,12132800,12126479,0,0,0,0,0.000504371,1,14.4794,0.154172,2,54.0079,54.0079
2,55.0149,5309,55,5.057,5.0568,12401,12396,12764900,12758579,0,0,0,0,0.000484027,1,14.4918,0.114729,2.003,55.0079,55.0079
2,56.0149,5575,56,5.575,5.56922,13001,12995,13461700,13454732,0,0,0,0,0.000461716,1,14.485,0.0558396,1.66945,56.0079,56.0079
2,57.0149,5854,57,5.575,5.5744,13601,13595,14158500,14151532,0,0,0,0,0.000441339,1,14.4745,0.168962,1.66417,57.0079,57.0079
2,58.0149,6146,58,6.146,6.13989,14201,14195,14926700,14919018,0,0,0,0,0.000422684,1,15.7939,0.141726,1.66667,58.0079,58.0079
2,59.0149,6146,59,6.146,6.1456,14801,14795,15694900,15687218,0,0,0,0,0.000473133,1,16.2415,0.163165,1.66917,59.0079,59.0079
2,60.0149,6454,60,6.146,6.1456,15401,15395,16463100,16455418,0,0,0,0,0.000454693,1,16.0151,0.175093,1.66667,60.0079,60.0079
2,61.0149,6776,61,6.776,6.7697,16101,16094,17310100,17301630,0,0,0,0,0.000434945,1,15.8211,0.095548,1.42847,61.0079,61.0079
2,62.0149,7115,62,6.776,6.70824,16801,16787,18157100,18140160,0,0,0,0,0.000416989,1,15.6489,0.0691313,1.43074,62.0079,62.0079
2,63.0149,7471,63,7.471,7.53122,17601,17593,19090900,19081562,0,0,0,0,0.000454726,1,16.0777,0.174203,1.2531,63.0079,63.0079
2,64.0149,7845,64,7.471,7.36259,18401,18381,20024700,20001886,0,0,0,0.00505051,0.00081606,0.789474,16.316,0.549201,1.25635,64.0079,64.0079
2,65.0149,8237,65,8.237,8.30384,19201,19193,21054300,21044004,0,0,0,0,0.000989944,0.904762,16.5895,0.180223,1.24384,65.0079,65.0079
2,66.0149,8237,66,8.237,8.2368,20001,19993,22083900,22073604,0,0,0,0,0.00100035,0.909091,16.707,0.0545805,1.25,66.0079,66.0079
2,67.0149,8649,67,8.237,8.2368,20801,20793,23113500,23103204,0,0,0,0,0.000961862,0.909091,16.4189,0.100153,1.24812,67.0079,67.0079
2,68.0149,9081,68,9.081,9.07236,21701,21692,24248600,24237249,0,0,0,0,0.000921999,0.909091,16.116,0.297845,1.10901,68.0079,68.0079
2,69.0149,9535,69,9.081,9.0808,22601,22592,25383700,25372349,0,0,0,0,0.000885269,0.909091,15.8283,0.257678,1.11638,69.0079,69.0079
2,70.0149,10000,70,10,9.99081,23601,23591,26633700,26621200,0,0,0,0,0.000847781,0.909091,15.6304,0.160251,1.00076,70.0079,70.0079
2,71.0149,10000,71,10,10,24601,24591,27883700,27871200,0,0,0,0,0.000813306,0.909091,15.5035,0.137873,0.9985,71.0079,71.0079
2,72.0149,10000,72,10,10,25601,25591,29133700,29121200,0,0,0,0,0.000781525,0.909091,15.246,0.108717,1.0015,72.0079,72.0079
2,73.0149,10000,73,10,10,26601,26591,30383700,30371200,0,0,0,0,0.000752134,0.909091,15.1552,0.114876,1.00024,73.0079,73.0079
2,74.0149,10000,74,10,10,27601,27591,31633700,31621200,0,0,0,0,0.000724874,0.909091,15.0547,0.0696811,0.999759,74.0079,74.0079
2,75.0149,10000,75,10,10,28601,28591,32883700,32871200,0,0,0,0,0.000699521,0.909091,14.9978,0.0947933,0.9985,75.0079,75.0079
2,76.0149,10000,76,10,10,29601,29591,34133700,34121200,0,0,0,0,0.000675881,0.909091,14.9486,0.0599567,1.0015,76.0079,76.0079
2,77.0149,10000,77,10,10,30601,30591,35383700,35371200,0,0,0,0,0.000653787,0.909091,14.909,0.156334,1.00174,77.0079,77.0079
2,78.0149,10000,78,10,10,31601,31591,36633700,36621200,0,0,0,0,0.000633092,0.909091,14.8847,0.0774779,0.998261,78.0079,78.0079
2,79.0149,10000,79,10,10,32601,32591,37883700,37871200,0,0,0,0,0.00113528,0.948718,16.5662,0.0114567,0.9985,79.0079,79.0079
2,80.0149,10000,80,10,10,33601,33591,39133700,39121200,0,0,0,0,0.00110149,0.948718,16.3161,0.128937,1.003,80.0079,80.0079
2,81.0149,10000,81,10,10,34601,34591,40383700,40371200,0,0,0,0,0.00112746,0.95122,16.3795,0.0697411,0.9985,81.0079,81.0079
2,82.0149,10000,82,10,10,35601,35591,41633700,41621200,0,0,0,0,0.00109578,0.95122,16.1691,0.144094,1.00174,82.0079,82.0079
2,83.0149,10000,83,10,10,36601,36591,42883700,42871200,0,0,0,0,0.00112049,0.953488,16.2791,0.0343501,0.996759,83.0079,83.0079
2,84.0149,10000,84,10,10,37601,37591,44133700,44121200,0,0,0,0,0.00138331,0.962963,17.399,0.123236,1.00024,84.0079,84.0079
2,85.0149,10000,85,10,10,38601,38591,45383700,45371200,0,0,0,0,0.0014252,0.964912,17.5473,0.0343111,1.00126,85.0079,85.0079
2,86.0149,10000,86,10,10,39601,39591,46633700,46621200,0,0,0,0,0.00164179,0.970149,17.8779,0.0623404,1,86.0079,86.0079
2,87.0149,10000,87,10,9.9896,40601,40590,47883700,47869900,0,0,0,0.001,0.00258684,0.972222,19.0623,0.518507,1.00099,87.0079,87.0079
2,88.0149,10000,88,10,10,41601,41591,49133700,49121200,0,0,0,0,0.00271693,0.974138,19.4275,0.110598,0.999008,88.0079,88.0079
2,89.0149,9355,89,10,10,42601,42591,50383700,50371200,0,0,0,0,0.00284098,0.975806,19.5017,0.170209,1.00024,89.0079,89.0079
2,90.0149,9355,90,10,10,43601,43591,51633700,51621200,0,0,0,0,0.00284462,0.976378,19.2614,0.222137,0.999998,90.0079,90.0079
2,91.0149,9823,91,10,10,44601,44591,52883700,52871200,0,0,0,0,0.00278083,0.976378,18.7288,0.130235,0.9985,91.0079,91.0079
2,92.0149,10000,92,10,10,45601,45591,54133700,54121200,0,0,0,0,0.00271984,0.976378,18.3092,0.0944683,1.00126,92.0079,92.0079
2,93.0149,10000,93,10,9.7144,46601,46562,55383700,55335500,4,0,8.58996e-05,0.00512295,0.00393024,0.924242,20.4131,1.09134,1.0196,93.0079,93.0079
2,94.0149,10000,94,10,10.2376,47601,47587,56633700,56616000,4,0,8.40495e-05,0,0.00434993,0.92,21.9266,0.0597977,0.985338,94.0079,94.0079
2,95.0149,10000,95,10,10,48601,48587,57883700,57866000,4,0,8.23198e-05,0,0.0042604,0.92,21.0007,0.145687,1,95.0079,95.0079
2,96.0149,10000,96,10,10,49601,49587,59133700,59116000,4,0,8.06598e-05,0,0.00443665,0.92437,20.8961,0.0853049,1,96.0079,96.0079
2,97.0149,10000,97,10,10,50601,50587,60383700,60366000,4,0,7.90654e-05,0,0.00442802,0.92562,20.4556,0.123328,1,97.0079,97.0079
2,98.0149,10000,98,10,10,51601,51587,61633700,61616000,4,0,7.75329e-05,0,0.00445849,0.927419,20.4477,0.0707792,0.998741,98.0079,98.0079
2,99.0149,10000,99,10,10,52601,52587,62883700,62866000,4,0,7.60586e-05,0,0.0044878,0.929134,20.2748,0.179732,1.003,99.0079,99.0079
2,100.015,10000,100,10,10,53601,53587,64133700,64116000,4,0,7.46394e-05,0,0.00440405,0.929134,19.5411,0.217512,0.998502,100.008,100.008
2,101.015,10000,101,10,10,54601,54587,65383700,65366000,4,0,7.32722e-05,0,0.00457985,0.932836,20.1898,0.0279751,0.998259,101.008,101.008
2,102.015,10000,102,10,10,55601,55587,66633700,66616000,4,0,7.19541e-05,0,0.00449745,0.932836,19.5052,0.0257679,1,102.008,102.008
2,103.015,10000,103,10,10,56601,56587,67883700,67866000,4,0,7.06826e-05,0,0.00447099,0.933579,19.3068,0.118716,1.00174,103.008,103.008
2,104.015,10000,104,10,10,57601,57587,69133700,69116000,4,0,6.94553e-05,0,0.00439335,0.933579,18.7463,0.0802426,0.998259,104.008,104.008
2,105.015,10000,105,10,10,58601,58587,70383700,70366000,4,0,6.82699e-05,0,0.00442078,0.935018,18.8407,0.130501,1.00324,105.008,105.008
2,106.015,10000,106,10,10,59601,59587,71633700,71616000,4,0,6.71242e-05,0,0.00434659,0.935018,18.3282,0.110602,0.996998,106.008,106.008
2,107.015,10000,107,10,10,60601,60587,72883700,72866000,4,0,6.60164e-05,0,0.00427484,0.935018,17.8452,0.0450778,0.999761,107.008,107.008
2,108.015,10000,108,10,10,61601,61587,74133700,74116000,4,0,6.49446e-05,0,0.00420543,0.935018,17.4345,0.137352,1.0015,108.008,108.008
2,109.015,10000,109,10,10,62601,62587,75383700,75366000,4,0,6.3907e-05,0,0.00413824,0.935018,17.0742,0.166433,0.9985,109.008,109.008
2,110.015,10000,110,10,10,63601,63587,76633700,76616000,4,0,6.2902e-05,0,0.00413607,0.935943,17.4579,0.0968775,1.0015,110.008,110.008
2,111.015,10000,111,10,10,64601,64587,77883700,77866000,4,0,6.19281e-05,0,0.00407203,0.935943,17.0712,0.10487,1,111.008,111.008
2,112.015,10000,112,10,10,65601,65587,79133700,79116000,4,0,6.0984e-05,0,0.00400994,0.935943,16.7309,0.0822923,0.9985,112.008,112.008
2,113.015,10000,113,10,10,66601,66587,80383700,80366000,4,0,6.00682e-05,0,0.00394972,0.935943,16.4469,0.20265,1.00024,113.008,113.008
2,114.015,10000,114,10,9.9728,67601,67584,81633700,81612600,4,0,5.91821e-05,0,0.00390625,0.93617,16.4811,0.0165723,1.00427,114.008,114.008
2,115.015,10000,115,10,10.0272,68601,68587,82883700,82866000,4,0,5.83167e-05,0,0.00441775,0.935185,17.8026,0.0392264,0.997012,115.008,115.008
2,116.015,10000,116,10,10,69601,69587,84133700,84116000,4,0,5.74787e-05,0,0.00435426,0.935185,17.4173,0.0455147,1,116.008,116.008
2,117.015,10000,117,10,10,70601,70587,85383700,85366000,4,0,5.66644e-05,0,0.00429258,0.935185,17.1327,0.0236645,0.9985,117.008,117.008
2,118.015,10000,118,10,10,71601,71587,86633700,86616000,4,0,5.58729e-05,0,0.00423261,0.935185,16.7913,0.00932394,1,118.008,118.008
2,119.015,10000,119,10,10,72601,72587,87883700,87866000,4,0,5.51032e-05,0,0.0041743,0.935185,16.5359,0.175188,1.00174,119.008,119.008
2,120.015,10000,120,10,10,73601,73587,89133700,89116000,4,0,5.43545e-05,0,0.00413116,0.935385,16.6347,0.0702887,0.999758,120.008,120.008
2,121.015,10000,121,10,10,74601,74587,90383700,90366000,4,0,5.36258e-05,0,0.00418303,0.923077,17.4281,0.0486582,0.9985,121.008,121.008
2,122.015,10000,122,10,10,75601,75587,91633700,91616000,4,0,5.29164e-05,0,0.00412769,0.923077,17.0539,0.0534673,1.0015,122.008,122.008
2,123.015,10000,123,10,9.4624,76601,76533,92883700,92798800,4,0,5.22623e-05,0.00421053,0.00420734,0.914773,18.0533,0.781777,1.00766,123.008,123.008
2,124.015,10000,124,10,10.5,77601,77587,94133700,94116000,4,0,5.15524e-05,0,0.00429196,0.917355,18.4764,0.0977435,0.993129,124.008,124.008
2,125.015,10000,125,10,10,78601,78587,95383700,95366000,4,0,5.08964e-05,0,0.00486085,0.898824,18.5789,0.189045,0.998739,125.008,125.008
2,126.015,10000,126,10,10,79601,79587,96633700,96616000,4,0,5.02569e-05,0,0.00482491,0.899297,18.4505,0.0992707,1.00126,126.008,126.008
2,127.015,10000,127,10,10,80601,80587,97883700,97866000,4,0,4.96333e-05,0,0.00491394,0.90205,18.7796,0.00769966,0.9985,127.008,127.008
2,128.015,10000,128,10,9.9936,81601,81586,99133700,99115200,5,0,6.12813e-05,0.001,0.00519697,0.904051,19.7853,0.0450814,1.00274,128.008,128.008
2,129.015,10000,129,10,10,82601,82586,100383700,100365200,5,0,6.05393e-05,0,0.00513404,0.904051,19.176,0.230558,0.999759,129.008,129.008
2,130.015,10000,130,10,9.8688,83601,83573,101633700,101598800,18,0,0.000215334,0.013,0.00711952,0.86357,23.1585,0.175928,1.01341,130.008,130.008
2,131.015,10000,131,10,10,84601,84573,102883700,102848800,18,0,0.000212789,0,0.00703534,0.86357,22.1051,0.0499056,0.998261,131.008,131.008
2,132.015,10000,132,10,10,85601,85573,104133700,104098800,18,0,0.000210302,0,0.0075608,0.870794,22.8184,0.0245407,1,132.008,132.008
2,133.015,10000,133,10,10,86601,86573,105383700,105348800,18,0,0.000207874,0,0.00747346,0.870794,21.7741,0.219976,1.00024,133.008,133.008
2,134.015,10000,134,10,10,87601,87573,106633700,106598800,18,0,0.000205501,0,0.00745664,0.871829,21.2321,0.0975566,1,134.008,134.008
2,135.015,10000,135,10,10,88601,88573,107883700,107848800,18,0,0.000203181,0,0.00737245,0.871829,20.4032,0.166099,0.999999,135.008,135.008
2,136.015,10000,136,10,10,89601,89573,109133700,109098800,18,0,0.000200913,0,0.00729014,0.871829,19.723,0.24906,1.0015,136.008,136.008
2,137.015,10000,137,10,10,90601,90573,110383700,110348800,18,0,0.000198695,0,0.00720965,0.871829,19.0672,0.0843106,0.998498,137.008,137.008
2,138.015,10000,138,10,10,91601,91573,111633700,111598800,18,0,0.000196526,0,0.00761141,0.875628,19.1392,0.0594279,1.00126,138.008,138.008
2,139.015,10000,139,10,10,92601,92573,112883700,112848800,18,0,0.000194403,0,0.00752919,0.875628,18.5503,0.0114262,0.9985,139.008,139.008
2,140.015,10000,140,10,10,93601,93573,114133700,114098800,18,0,0.000192326,0,0.00744873,0.875628,18.0817,0.353104,1.00174,140.008,140.008
2,141.015,10000,141,10,9.9728,94601,94570,115383700,115345400,18,0,0.000190299,0,0.0073702,0.875628,17.6333,0.192366,1.00126,141.008,141.008
2,142.015,10000,142,10,10.0272,95601,95573,116633700,116598800,18,0,0.000188302,0,0.00765907,0.873508,17.9952,0.0758111,0.998507,142.008,142.008
2,143.015,10000,143,10,10,96601,96573,117883700,117848800,18,0,0.000186353,0,0.00757976,0.873508,17.5879,0.144828,1.00024,143.008,143.008
2,144.015,10000,144,10,10,97601,97573,119133700,119098800,18,0,0.000184443,0,0.00750208,0.873508,17.2135,0.0503808,0.999758,144.008,144.008
2,145.015,10000,145,10,10,98601,98573,120383700,120348800,18,0,0.000182572,0,0.00742597,0.873508,16.8649,0.0877505,0.9985,145.008,145.008
2,146.015,10000,146,10,10,99601,99573,121633700,121598800,18,0,0.000180739,0,0.00735139,0.873508,16.5428,0.0771589,1.0015,146.008,146.008
2,147.015,10000,147,10,10,100601,100573,122883700,122848800,18,0,0.000178942,0,0.0072783,0.873508,16.3061,0.0447568,0.9985,147.008,147.008
2,148.015,10000,148,10,10,101601,101573,124133700,124098800,18,0,0.000177181,0,0.00720664,0.873508,16.0394,0.00530831,1,148.008,148.008
2,149.015,10000,149,10,10,102601,102573,125383700,125348800,18,0,0.000175454,0,0.00713638,0.873508,15.8635,0.26607,1.00024,149.008,149.008
2,150.015,10000,150,10,10,103601,103573,126633700,126598800,18,0,0.00017376,0,0.00737644,0.878161,17.0031,0.138748,0.999998,150.008,150.008
2,151.015,10000,151,10,10,104601,104573,127883700,127848800,18,0,0.000172099,0,0.0073059,0.878161,16.6614,0.00178318,0.999761,151.008,151.008
2,152.015,10000,152,10,10,105601,105573,129133700,129098800,18,0,0.000170469,0,0.0072367,0.878161,16.3939,0.18696,1,152.008,152.008
2,153.015,10000,153,10,10,106601,106573,130383700,130348800,18,0,0.00016887,0,0.0071688,0.878161,16.1339,0.113396,1.00024,153.008,153.008
2,154.015,10000,154,10,10,107601,107573,131633700,131598800,18,0,0.0001673,0,0.00742751,0.873224,16.8059,0.138628,1.00126,154.008,154.008
2,155.015,10000,155,10,10,108601,108573,132883700,132848800,18,0,0.00016576,0,0.0073591,0.873224,16.5494,0.035647,0.9985,155.008,155.008
2,156.015,10000,156,10,10,109601,109573,134133700,134098800,18,0,0.000164247,0,0.00729194,0.873224,16.3246,0.114795,1.00174,156.008,156.008
2,157.015,10000,157,10,10,110601,110573,135383700,135348800,18,0,0.000162762,0,0.007226,0.873224,16.1016,0.252156,1.0015,157.008,157.008
2,158.015,10000,158,10,10,111601,111573,136633700,136598800,18,0,0.000161303,0,0.00716123,0.873224,15.8976,0.00182487,0.996758,158.008,158.008
2,159.015,10000,159,10,10,112601,112573,137883700,137848800,18,0,0.000159871,0,0.00709762,0.873224,15.7407,0.126215,1.00024,159.008,159.008
2,160.015,10000,160,10,10,113601,113573,139133700,139098800,18,0,0.000158463,0,0.00703512,0.873224,15.6174,0.108198,1.00126,160.008,160.008
2,161.015,10000,161,10,10,114601,114573,140383700,140348800,18,0,0.00015708,0,0.00697372,0.873224,15.5096,0.223368,1.004,161.008,161.008
2,162.015,10000,162,10,10,115601,115573,141633700,141598800,18,0,0.000155721,0,0.00691338,0.873224,15.3108,0.0348972,0.9945,162.008,162.008
2,163.015,10000,163,10,10,116601,116573,142883700,142848800,18,0,0.000154386,0,0.00685407,0.873224,15.2368,0.0918723,1.00024,163.008,163.008
2,164.015,10000,164,10,10,117601,117573,144133700,144098800,18,0,0.000153073,0,0.00679578,0.873224,15.1625,0.154926,1.00276,164.008,164.008
2,165.015,10000,165,10,10,118601,118573,145383700,145348800,18,0,0.000151782,0,0.00673846,0.873224,15.0336,0.092717,0.997,165.008,165.008
2,166.015,10000,166,10,10,119601,119573,146633700,146598800,18,0,0.000150513,0,0.00668211,0.873224,14.9074,0.145566,1.00174,166.008,166.008
2,167.015,10000,167,10,10,120601,120573,147883700,147848800,18,0,0.000149265,0,0.00662669,0.873224,14.8456,0.133508,0.998258,167.008,167.008
2,168.015,10000,168,10,10,121601,121573,149133700,149098800,18,0,0.000148037,0,0.00657218,0.873224,14.753,0.144829,1.003,168.008,168.008
2,169.015,10000,169,10,10,122601,122573,150383700,150348800,18,0,0.00014683,0,0.00651856,0.873224,14.7329,0.10824,0.997241,169.008,169.008
2,170.015,10000,170,10,10,123601,123573,151633700,151598800,18,0,0.000145642,0,0.00646581,0.873224,14.6961,0.0699044,1.00126,170.008,170.008
2,171.015,10000,171,10,10,124601,124573,152883700,152848800,18,0,0.000144473,0,0.00641391,0.873224,14.6408,0.0861601,0.9985,171.008,171.008
2,172.015,10000,172,10,10,125601,125573,154133700,154098800,18,0,0.000143322,0,0.00636283,0.873224,14.6238,0.0552146,1,172.008,172.008
2,173.015,10000,173,10,10,126601,126573,155383700,155348800,18,0,0.00014219,0,0.00631256,0.873224,14.6352,0.114714,1.0015,173.008,173.008
2,174.015,10000,174,10,10,127601,127573,156633700,156598800,18,0,0.000141076,0,0.00626308,0.873224,14.6103,0.0648208,0.9985,174.008,174.008
2,175.015,10000,175,10,10,128601,128573,157883700,157848800,18,0,0.000139979,0,0.00621437,0.873224,14.5932,0.0752201,1.0015,175.008,175.008
2,176.015,10000,176,10,10,129601,129573,159133700,159098800,18,0,0.000138899,0,0.00616641,0.873224,14.6104,0.0209623,0.9985,176.008,176.008
2,177.015,10000,177,10,10,130601,130573,160383700,160348800,18,0,0.000137835,0,0.00611918,0.873224,14.5259,0.0426093,0.9985,177.008,177.008
2,178.015,10000,178,10,10,131601,131573,161633700,161598800,18,0,0.000136787,0,0.00607267,0.873224,14.4986,0.0812341,1.0015,178.008,178.008
2,179.015,10000,179,10,10,132601,132573,162883700,162848800,18,0,0.000135756,0,0.00602687,0.873224,14.4533,0.339041,1.00299,179.008,179.008
2,180.015,10000,180,10,10,133601,133573,164133700,164098800,18,0,0.00013474,0,0.00598175,0.873224,14.4639,0.0191043,0.998508,180.008,180.008
2,181.015,10000,181,10,10,134601,134573,165383700,165348800,18,0,0.000133739,0,0.0059373,0.873224,14.432,0.0935963,1.00024,181.008,181.008
2,182.015,10000,182,10,10,135601,135573,166633700,166598800,18,0,0.000132752,0,0.0058935,0.873224,14.4639,0.192841,1.0015,182.008,182.008
2,183.015,10000,183,10,10,136601,136573,167883700,167848800,18,0,0.00013178,0,0.00585035,0.873224,14.4609,0.217268,0.998496,183.008,183.008
2,184.015,10000,184,10,10,137601,137573,169133700,169098800,18,0,0.000130823,0,0.00608404,0.869159,15.1601,0.106708,0.999761,184.008,184.008
2,185.015,10000,185,10,10,138601,138573,170383700,170348800,18,0,0.000129879,0,0.00604014,0.869159,15.0973,0.0995479,1,185.008,185.008
2,186.015,10000,186,10,10,139601,139573,171633700,171598800,18,0,0.000128948,0,0.00599686,0.869159,15.0214,0.133112,1.0015,186.008,186.008
2,187.015,10000,187,10,10,140601,140573,172883700,172848800,18,0,0.000128031,0,0.00602534,0.870504,15.3016,0.0498062,0.997,187.008,187.008
2,188.015,10000,188,10,10,141601,141573,174133700,174098800,18,0,0.000127127,0,0.00598278,0.870504,15.2311,0.0851135,1.00174,188.008,188.008
2,189.015,10000,189,10,10,142601,142573,175383700,175348800,18,0,0.000126235,0,0.00594082,0.870504,15.1563,0.0363152,0.998261,189.008,189.008
2,190.015,10000,190,10,10,143601,143573,176633700,176598800,18,0,0.000125356,0,0.00589944,0.870504,15.1369,0.0812032,1.0015,190.008,190.008
2,191.015,10000,191,10,9.9832,144601,144571,177883700,177846700,18,0,0.000124491,0,0.00585871,0.870504,15.0134,0.0887633,1.0005,191.008,191.008
2,192.015,10000,192,10,8.8776,145601,145460,179133700,178956400,78,0,0.000535943,0.0806618,0.0060704,0.862305,17.174,1.71135,1.12515,192.008,192.008
2,193.015,10000,193,10,10.348,146601,146513,180383700,180272300,78,0,0.000532093,0,0.00621788,0.780634,17.2325,0.0641865,0.950845,193.008,193.008
2,194.015,10000,194,10,10,147601,147513,181633700,181522300,78,0,0.000528488,0,0.00619606,0.781197,18.6024,0.13913,1.0015,194.008,194.008
2,195.015,10000,195,10,10,148601,148513,182883700,182772300,78,0,0.000524931,0,0.00615434,0.781197,18.0768,0.0750065,0.9985,195.008,195.008
2,196.015,10000,196,10,10,149601,149513,184133700,184022300,78,0,0.000521422,0,0.00613325,0.781756,18.172,0.239522,1.00024,196.008,196.008
2,197.015,10000,197,10,10,150601,150513,185383700,185272300,78,0,0.000517959,0,0.0060925,0.781756,17.7415,0.112053,1,197.008,197.008
2,198.015,10000,198,10,10,151601,151513,186633700,186522300,78,0,0.000514542,0,0.00605229,0.781756,17.3643,0.107232,0.999761,198.008,198.008
2,199.015,10000,199,10,10,152601,152513,187883700,187772300,78,0,0.00051117,0,0.0060126,0.781756,16.9281,0.066267,0.997,199.008,199.008
2,200.015,10000,200,10,10,153601,153513,189133700,189022300,78,0,0.000507842,0,0.00597344,0.781756,16.5652,0.0917092,1.003,200.008,200.008
2,201.015,10000,201,10,10,154601,154513,190383700,190272300,78,0,0.000504557,0,0.00601891,0.783488,17.3814,0.0440951,1,201.008,201.008
2,202.015,10000,202,10,10,155601,155513,191633700,191522300,78,0,0.000501314,0,0.00598021,0.783488,17.0243,0.0637427,1,202.008,202.008
2,203.015,10000,203,10,10,156601,156513,192883700,192772300,78,0,0.000498113,0,0.005942,0.783488,16.4268,0.00975336,0.9985,203.008,203.008
2,204.015,10000,204,10,10,157601,157513,194133700,194022300,78,0,0.000494952,0,0.00590427,0.783488,16.1403,0.0115687,1,204.008,204.008
2,205.015,10000,205,10,10,158601,158513,195383700,195272300,78,0,0.000491831,0,0.00586703,0.783488,15.9121,0.00174719,1,205.008,205.008
2,206.015,10000,206,10,10,159601,159513,196633700,196522300,78,0,0.000488749,0,0.00583025,0.783488,15.633,0.0241484,1,206.008,206.008
2,207.015,10000,207,10,10,160601,160513,197883700,197772300,78,0,0.000485706,0,0.00580015,0.78367,15.8697,0.11627,1.00174,207.008,207.008
2,208.015,10000,208,10,10,161601,161513,199133700,199022300,78,0,0.0004827,0,0.00576424,0.78367,15.7161,0.0593418,0.9985,208.008,208.008
2,209.015,10000,209,10,10,162601,162513,200383700,200272300,78,0,0.000479731,0,0.005778,0.785117,16.0753,0.0538662,1.00126,209.008,209.008
2,210.015,10000,210,10,10,163601,163513,201633700,201522300,78,0,0.000476799,0,0.00574266,0.785117,15.865,0.026612,0.9985,210.008,210.008
2,211.015,10000,211,10,10,164601,164513,202883700,202772300,78,0,0.000473902,0,0.00570776,0.785117,15.6571,0.220419,1.00174,211.008,211.008
2,212.015,10000,212,10,10,165601,165513,204133700,204022300,78,0,0.00047104,0,0.0057216,0.786545,16.2231,0.0134744,0.998261,212.008,212.008
2,213.015,10000,213,10,10,166601,166513,205383700,205272300,78,0,0.000468213,0,0.00568724,0.786545,15.9995,0.0208688,1,213.008,213.008
2,214.015,10000,214,10,10,167601,167513,206633700,206522300,78,0,0.000465419,0,0.00565329,0.786545,15.8114,0.157139,1.0015,214.008,214.008
2,215.015,10000,215,10,10,168601,168513,207883700,207772300,78,0,0.000462658,0,0.00561974,0.786545,15.6354,0.0537213,1,215.008,215.008
2,216.015,10000,216,10,10,169601,169513,209133700,209022300,78,0,0.00045993,0,0.00560429,0.787075,15.8212,0.107572,1,216.008,216.008
2,217.015,10000,217,10,9.7728,170601,170490,210383700,210243900,78,0,0.000457296,0,0.00557217,0.787075,15.71,0.0595626,1.00307,217.008,217.008
2,218.015,10000,218,10,10.2208,171601,171512,211633700,211521500,78,0,0.000454572,0,0.00555646,0.787603,15.8933,0.165623,0.998045,218.008,218.008
2,219.015,10000,219,10,10.0064,172601,172513,212883700,212772300,78,0,0.000451936,0,0.00554741,0.788303,16.3214,0.17713,0.997744,219.008,219.008
2,220.015,10000,220,10,9.9664,173601,173509,214133700,214018100,80,0,0.000460859,0.00200401,0.00612648,0.792101,17.5067,0.110716,1.00528,220.008,220.008
2,221.015,10000,221,10,10.0168,174601,174511,215383700,215270200,80,0,0.000458214,0,0.00612569,0.792439,18.0489,0.164359,0.999743,221.008,221.008
2,222.015,10000,222,10,10,175601,175511,216633700,216520200,80,0,0.000455604,0,0.00625032,0.796659,18.9475,0.238346,0.998502,222.008,222.008
2,223.015,10000,223,10,10,176601,176511,217883700,217770200,80,0,0.000453024,0,0.00621491,0.796659,18.3918,0.164748,0.999996,223.008,223.008
2,224.015,10000,224,10,10,177601,177511,219133700,219020200,80,0,0.000450473,0,0.00681085,0.792787,20.2545,0.090637,0.999761,224.008,224.008
2,225.015,10000,225,10,10,178601,178511,220383700,220270200,80,0,0.000447951,0,0.00682871,0.794137,19.9382,0.195432,0.9985,225.008,225.008
2,226.015,10000,226,10,10,179601,179511,221633700,221520200,80,0,0.000445457,0,0.00694108,0.797695,21.1444,0.193348,1.00174,226.008,226.008
2,227.015,10000,227,10,10,180601,180511,222883700,222770200,80,0,0.00044299,0,0.00691925,0.798083,20.7026,0.229645,0.999759,227.008,227.008
2,228.015,10000,228,10,10,181601,181511,224133700,224020200,80,0,0.00044055,0,0.00717863,0.798407,23.2037,0.323476,1,228.008,228.008
2,229.015,10000,229,10,10,182601,182511,225383700,225270200,80,0,0.000438138,0,0.00716121,0.7989,22.5228,0.181331,1.00174,229.008,229.008
2,230.015,10000,230,10,9.6248,183601,183473,226633700,226473300,80,0,0.000435841,0.00414079,0.00715637,0.797691,22.5478,1.04785,1.01149,230.008,230.008
2,231.015,10000,231,10,10.3376,184601,184511,227883700,227770200,80,0,0.000433391,0,0.00732206,0.798463,23.2304,0.230447,0.98791,231.008,231.008
2,232.015,10000,232,10,10,185601,185511,229133700,229020200,80,0,0.000431055,0,0.00728259,0.798463,22.1357,0.0785542,0.999761,232.008,232.008
2,233.015,10000,233,10,10,186601,186511,230383700,230270200,80,0,0.000428745,0,0.00726499,0.798939,21.5507,0.00746326,0.9985,233.008,233.008
2,234.015,10000,234,10,10,187601,187511,231633700,231520200,80,0,0.00042646,0,0.00722624,0.798939,20.7075,0.133457,1.00174,234.008,234.008
2,235.015,10000,235,10,10,188601,188511,232883700,232770200,80,0,0.000424198,0,0.00732583,0.801044,21.7954,0.0551129,0.999759,235.008,235.008
2,236.015,10000,236,10,10,189601,189511,234133700,234020200,80,0,0.000421961,0,0.00728718,0.801044,20.8784,0.0401335,0.9985,236.008,236.008
2,237.015,10000,237,10,10,190601,190511,235383700,235270200,80,0,0.000419747,0,0.00724893,0.801044,20.1371,0.233627,1.0055,237.008,237.008
2,238.015,10000,238,10,10,191601,191511,236633700,236520200,80,0,0.000417556,0,0.00721107,0.801044,19.43,0.164153,0.996239,238.008,238.008
2,239.015,10000,239,10,10,192601,192511,237883700,237770200,80,0,0.000415388,0,0.00717362,0.801044,18.8257,0.105639,0.998261,239.008,239.008
2,240.015,10000,240,10,10,193601,193511,239133700,239020200,80,0,0.000413242,0,0.00713655,0.801044,18.271,0.0600211,1.0015,240.008,240.008
2,241.015,10000,241,10,10,194601,194511,240383700,240270200,80,0,0.000411119,0,0.00709986,0.801044,17.7782,0.0572736,1,241.008,241.008
2,242.015,10000,242,10,10,195601,195511,241633700,241520200,80,0,0.000409017,0,0.00708912,0.801619,17.9917,0.0680167,0.998739,242.008,242.008
2,243.015,10000,243,10,10,196601,196511,242883700,242770200,80,0,0.000406936,0,0.00710393,0.802299,18.5589,0.329088,1,243.008,243.008
2,244.015,10000,244,10,10,197601,197511,244133700,244020200,80,0,0.000404877,0,0.00706796,0.802299,18.0128,0.20064,1.00526,244.008,244.008
2,245.015,10000,245,10,10,198601,198511,245383700,245270200,80,0,0.000402838,0,0.00704747,0.802639,17.961,0.0595888,0.996,245.008,245.008
2,246.015,10000,246,10,10,199601,199511,246633700,246520200,80,0,0.00040082,0,0.00702217,0.802865,17.8379,0.00836918,0.9985,246.008,246.008
2,247.015,10000,247,10,10,200601,200511,247883700,247770200,80,0,0.000398821,0,0.00698715,0.802865,17.4037,0.146783,0.9985,247.008,247.008
2,248.015,10000,248,10,10,201601,201511,249133700,249020200,80,0,0.000396843,0,0.00695247,0.802865,17.0243,0.0678369,1.003,248.008,248.008
2,249.015,10000,249,10,10,202601,202511,250383700,250270200,80,0,0.000394884,0,0.00691814,0.802865,16.7204,0.0290825,1,249.008,249.008
2,250.015,10000,250,10,10,203601,203511,251633700,251520200,80,0,0.000392945,0,0.00688415,0.802865,16.4624,0.0807475,1,250.008,250.008
2,251.015,10000,251,10,10,204601,204511,252883700,252770200,80,0,0.000391024,0,0.00685049,0.802865,16.2226,0.082208,1,251.008,251.008
2,252.015,10000,252,10,10,205601,205511,254133700,254020200,80,0,0.000389122,0,0.00685608,0.803765,16.2688,0.0600083,0.9985,252.008,252.008
2,253.015,10000,253,10,10,206601,206511,255383700,255270200,80,0,0.000387239,0,0.00689067,0.80532,17.34,0.00364939,1,253.008,253.008
2,254.015,10000,254,10,10,207601,207511,256633700,256520200,80,0,0.000385373,0,0.00707914,0.809813,19.4903,0.106186,1.00174,254.008,254.008
2,255.015,10000,255,10,10,208601,208511,257883700,257770200,80,0,0.000383526,0,0.00704519,0.809813,18.8855,0.0998358,0.999761,255.008,255.008
2,256.015,10000,256,10,10,209601,209511,259133700,259020200,80,0,0.000381696,0,0.00706884,0.811062,19.2344,0.0966055,1.00024,256.008,256.008
2,257.015,10000,257,10,10,210601,210511,260383700,260270200,80,0,0.000379883,0,0.00720627,0.811664,20.3795,0.0894038,0.999761,257.008,257.008
2,258.015,10000,258,10,10,211601,211511,261633700,261520200,80,0,0.000378088,0,0.00734714,0.814465,21.6342,0.0873456,1,258.008,258.008
2,259.015,10000,259,10,10,212601,212511,262883700,262770200,80,0,0.000376309,0,0.00736903,0.813506,22.0055,0.059744,1,259.008,259.008
2,260.015,10000,260,10,9.6624,213601,213477,264133700,263978000,80,0,0.000374607,0,0.00753711,0.811397,22.99,0.220261,1.00414,260.008,260.008
2,261.015,10000,261,10,10.3104,214601,214508,265383700,265266800,80,0,0.000372807,0,0.00758014,0.812188,23.0689,0.116871,0.999031,261.008,261.008
2,262.015,10000,262,10,9.492,215601,215458,266633700,266453300,124,0,0.000575187,0.0528415,0.00785768,0.8085,26.0824,0.106939,1.05263,262.008,262.008
2,263.015,10000,263,10,9.7912,216601,216436,267883700,267677200,153,0,0.000706407,0.0200401,0.00817332,0.761843,28.5984,0.0677026,1.02249,263.008,263.008
2,264.015,10000,264,10,9.996,217601,217436,269133700,268926700,155,0,0.000712346,0.00199601,0.00848985,0.762495,29.3993,0.0590574,1,264.008,264.008
2,265.015,10000,265,10,10,218601,218436,270383700,270176700,155,0,0.000709087,0,0.00851966,0.763957,29.5646,0.00984653,0.9985,265.008,265.008
2,266.015,10000,266,10,9.6456,219601,219400,271633700,271382400,155,0,0.000705973,0.0153218,0.00851869,0.760065,28.2445,0.695802,1.03916,266.008,266.008
2,267.015,10000,267,10,10.2064,220601,220436,272883700,272676700,155,0,0.000702658,0,0.00855123,0.764396,26.8128,0.00392497,0.963562,267.008,267.008
2,268.015,10000,268,10,10,221601,221436,274133700,273926700,155,0,0.000699487,0,0.00851262,0.764396,25.3119,0.187969,1.00324,268.008,268.008
2,269.015,10000,269,10,10,222601,222436,275383700,275176700,155,0,0.000696344,0,0.00847435,0.764396,23.9996,0.138918,0.998503,269.008,269.008
2,270.015,10000,270,10,10,223601,223436,276633700,276426700,155,0,0.00069323,0,0.00843642,0.764396,22.8181,0.0866113,0.998499,270.008,270.008
2,271.015,10000,271,10,9.9,224601,224426,277883700,277664200,155,0,0.000690174,0,0.00839921,0.764396,21.8096,0.138028,1.00127,271.008,271.008
2,272.015,10000,272,10,10.1,225601,225436,279133700,278926700,155,0,0.000687084,0,0.00853014,0.766746,21.9177,0.0813267,1,272.008,272.008
2,273.015,10000,273,10,10,226601,226436,280383700,280176700,155,0,0.000684052,0,0.00867353,0.770196,22.0907,0.132963,0.998739,273.008,273.008
2,274.015,10000,274,10,10,227601,227436,281633700,281426700,155,0,0.000681046,0,0.0086354,0.770196,21.1231,0.117833,0.999761,274.008,274.008
2,275.015,10000,275,10,10,228601,228436,282883700,282676700,155,0,0.000678067,0,0.00860197,0.770286,20.5681,0.11316,1.0015,275.008,275.008
2,276.015,10000,276,10,10,229601,229436,284133700,283926700,155,0,0.000675114,0,0.00856448,0.770286,19.8672,0.0963982,0.9985,276.008,276.008
2,277.015,10000,277,10,10,230601,230436,285383700,285176700,155,0,0.000672186,0,0.00852731,0.770286,19.2118,0.0919025,1.00024,277.008,277.008
2,278.015,10000,278,10,10,231601,231436,286633700,286426700,155,0,0.000669283,0,0.00849047,0.770286,18.6255,0.111378,0.999759,278.008,278.008
2,279.015,10000,279,10,10,232601,232436,287883700,287676700,155,0,0.000666406,0,0.00863463,0.772815,18.9165,0.155055,1.0015,279.008,279.008
2,280.015,10000,280,10,10,233601,233436,289133700,288926700,155,0,0.000663553,0,0.00859765,0.772815,18.4319,0.090308,1.0015,280.008,280.008
2,281.015,10000,281,10,9.1208,234601,234348,290383700,290066800,155,0,0.000660972,0.088,0.00862393,0.766111,18.8815,0.175185,1.09346,281.008,281.008
2,282.015,10000,282,10,10,235601,235348,291633700,291316800,243,0,0.00103145,0,0.00858728,0.727764,18.3774,0.0429929,0.999761,282.008,282.008
2,283.015,10000,283,10,10,236601,236348,292883700,292566800,243,0,0.00102709,0,0.00855095,0.727764,17.9016,0.216457,1.00174,283.008,283.008
2,284.015,10000,284,10,10,237601,237348,294133700,293816800,243,0,0.00102277,0,0.00851492,0.727764,17.4846,0.200838,0.998499,284.008,284.008
2,285.015,10000,285,10,10,238601,238348,295383700,295066800,243,0,0.00101848,0,0.00864702,0.730851,18.1019,0.0765794,1.00126,285.008,285.008
2,286.015,10000,286,10,10,239601,239348,296633700,296316800,243,0,0.00101423,0,0.00861089,0.730851,17.6316,0.0928825,0.9985,286.008,286.008
2,287.015,10000,287,10,10,240601,240348,297883700,297566800,243,0,0.00101001,0,0.00857507,0.730851,17.2629,0.189789,1.00324,287.008,287.008
2,288.015,10000,288,10,10,241601,241348,299133700,298816800,243,0,0.00100583,0,0.00853954,0.730851,16.9763,0.0184598,0.998259,288.008,288.008
2,289.015,10000,289,10,10,242601,242348,300383700,300066800,243,0,0.00100169,0,0.0085043,0.730851,16.6904,0.189896,0.998739,289.008,289.008
2,290.015,10000,290,10,10,243601,243348,301633700,301316800,243,0,0.000997574,0,0.00846935,0.730851,16.3815,0.136748,1,290.008,290.008
2,291.015,10000,291,10,10,244601,244348,302883700,302566800,243,0,0.000993495,0,0.00843469,0.730851,16.1474,0.0613498,1,291.008,291.008
2,292.015,10000,292,10,10,245601,245348,304133700,303816800,243,0,0.00098945,0,0.00840031,0.730851,15.926,0.0939185,1.00126,292.008,292.008
2,293.015,10000,293,10,10,246601,246348,305383700,305066800,243,0,0.000985437,0,0.00836621,0.730851,15.7627,0.00213461,0.9985,293.008,293.008
2,294.015,10000,294,10,10,247601,247348,306633700,306316800,243,0,0.000981457,0,0.00833239,0.730851,15.5963,0.110155,1.0015,294.008,294.008
2,295.015,10000,295,10,10,248601,248348,307883700,307566800,243,0,0.000977509,0,0.00829884,0.730851,15.4143,0.252434,1.00174,295.008,295.008
2,296.015,10000,296,10,10,249601,249348,309133700,308816800,243,0,0.000973593,0,0.00826556,0.730851,15.2448,0.0182329,0.996758,296.008,296.008
2,297.015,10000,297,10,10,250601,250348,310383700,310066800,243,0,0.000969708,0,0.00823254,0.730851,15.1332,0.192843,1.00324,297.008,297.008
2,298.015,10000,298,10,10,251601,251348,311633700,311316800,243,0,0.000965853,0,0.00819979,0.730851,15.054,0.0968012,0.996998,298.008,298.008
2,299.015,10000,299,10,10,252601,252348,312883700,312566800,243,0,0.00096203,0,0.00816729,0.730851,15.0045,0.0246943,0.999761,299.008,299.008
2,300.015,10000,300,10,10,253601,253348,314133700,313816800,243,0,0.000958236,0,0.00813506,0.730851,14.9248,0.0272274,1,300.008,300.008
2,301.015,10000,301,10,10,254601,254348,315383700,315066800,243,0,0.000954472,0,0.00810307,0.730851,14.8669,0.0958108,1.0015,301.008,301.008
2,302.015,10000,302,10,10,255601,255348,316633700,316316800,243,0,0.000950738,0,0.00807134,0.730851,14.8434,0.125065,0.998742,302.008,302.008
2,303.015,10000,303,10,10,256601,256348,317883700,317566800,243,0,0.000947032,0,0.00803985,0.730851,14.7925,0.0375891,0.999758,303.008,303.008
2,304.015,10000,304,10,10,257601,257348,319133700,318816800,243,0,0.000943356,0,0.00800861,0.730851,14.7365,0.0203017,1,304.008,304.008
2,305.015,10000,305,10,10,258601,258348,320383700,320066800,243,0,0.000939708,0,0.00797761,0.730851,14.5563,0.00271981,0.9985,305.008,305.008
2,306.015,10000,306,10,10,259601,259348,321633700,321316800,243,0,0.000936088,0,0.00794685,0.730851,14.5217,0.0687439,1.003,306.008,306.008
2,307.015,10000,307,10,10,260601,260348,322883700,322566800,243,0,0.000932496,0,0.00791633,0.730851,14.5209,0.122885,1.00024,307.008,307.008
2,308.015,10000,308,10,10,261601,261348,324133700,323816800,243,0,0.000928931,0,0.00788604,0.730851,14.5173,0.235974,1,308.008,308.008
2,309.015,10000,309,10,10,262601,262348,325383700,325066800,243,0,0.000925393,0,0.00785598,0.730851,14.4924,0.0537332,0.999759,309.008,309.008
2,310.015,10000,310,10,10,263601,263348,326633700,326316800,243,0,0.000921883,0,0.00782615,0.730851,14.4407,0.0577519,1,310.008,310.008
2,311.015,10000,311,10,10,264601,264348,327883700,327566800,243,0,0.000918399,0,0.00779654,0.730851,14.4541,0.0331937,0.9985,311.008,311.008
2,312.015,10000,312,10,8.9064,265601,265239,329133700,328680100,243,0,0.000915316,0.0208791,0.00777035,0.72596,14.5099,5.81744,1.12344,312.008,312.008
2,313.015,10000,313,10,10.9,266601,266348,330383700,330066800,243,0,0.000911509,0,0.00801958,0.737824,15.0267,0.00453866,0.900822,313.008,313.008
2,314.015,10000,314,10,10,267601,267348,331633700,331316800,243,0,0.000908102,0,0.00798959,0.737824,14.9139,0.043993,1,314.008,314.008
2,315.015,10000,315,10,10,268601,268348,332883700,332566800,243,0,0.000904721,0,0.00795981,0.737824,14.8829,0.248873,1.0055,315.008,315.008
2,316.015,10000,316,10,10,269601,269348,334133700,333816800,243,0,0.000901365,0,0.00793026,0.737824,14.8648,0.22071,0.994742,316.008,316.008
2,317.015,10000,317,10,10,270601,270348,335383700,335066800,243,0,0.000898034,0,0.00790093,0.737824,14.8602,0.0519613,0.999997,317.008,317.008
2,318.015,10000,318,10,9.9832,271601,271346,336633700,336314700,243,0,0.000894734,0,0.00787187,0.737824,14.8343,0.115562,1.00176,318.008,318.008
2,319.015,10000,319,10,10.0168,272601,272348,337883700,337566800,243,0,0.000891445,0,0.00796775,0.739101,15.8219,0.105292,0.998006,319.008,319.008
2,320.015,10000,320,10,9.9728,273601,273345,339133700,338813400,243,0,0.000888197,0,0.00793869,0.739101,15.6177,0.200549,1.00301,320.008,320.008
2,321.015,10000,321,10,10.0272,274601,274348,340383700,340066800,243,0,0.000884953,0,0.00796798,0.740515,15.9866,0.110645,0.998749,321.008,321.008
2,322.015,10000,322,10,10,275601,275348,341633700,341316800,243,0,0.000881741,0,0.00793904,0.740515,15.8019,0.078805,0.999758,322.008,322.008
2,323.015,10000,323,10,10,276601,276348,342883700,342566800,243,0,0.000878554,0,0.00791032,0.740515,15.6414,0.27142,1.00024,323.008,323.008
2,324.015,10000,324,10,10,277601,277348,344133700,343816800,243,0,0.000875389,0,0.00788179,0.740515,15.5139,0.0741718,0.998259,324.008,324.008
2,325.015,10000,325,10,10,278601,278348,345383700,345066800,243,0,0.000872246,0,0.00785348,0.740515,15.4016,0.0890249,1.00024,325.008,325.008
2,326.015,10000,326,10,10,279601,279348,346633700,346316800,243,0,0.000869127,0,0.00782536,0.740515,15.2965,0.0549368,1,326.008,326.008
2,327.015,10000,327,10,10,280601,280348,347883700,347566800,243,0,0.000866029,0,0.00782599,0.741216,17.3377,0.136096,0.999999,327.008,327.008
2,328.015,10000,328,10,10,281601,281348,349133700,348816800,243,0,0.000862954,0,0.00779817,0.741216,16.901,0.107608,0.999759,328.008,328.008
2,329.015,10000,329,10,10,282601,282348,350383700,350066800,243,0,0.0008599,0,0.00780243,0.742001,17.5819,0.11516,1.00024,329.008,329.008
2,330.015,10000,330,10,10,283601,283348,351633700,351316800,243,0,0.000856868,0,0.00779607,0.742521,17.5701,0.0831251,0.999998,330.008,330.008
2,331.015,10000,331,10,9.9728,284601,284345,352883700,352563400,243,0,0.000853866,0,0.00777928,0.74278,17.5246,0.0666069,1.00427,331.008,331.008
2,332.015,10000,332,10,10.0272,285601,285348,354133700,353816800,243,0,0.000850867,0,0.00776946,0.743212,17.8532,0.165241,0.997252,332.008,332.008
2,333.015,10000,333,10,10,286601,286348,355383700,355066800,243,0,0.000847898,0,0.00774233,0.743212,17.4345,0.12509,0.999998,333.008,333.008
2,334.015,10000,334,10,10,287601,287348,356633700,356316800,243,0,0.00084495,0,0.00771538,0.743212,17.0843,0.0973224,1,334.008,334.008
2,335.015,10000,335,10,10,288601,288348,357883700,357566800,243,0,0.000842022,0,0.00769556,0.743384,17.1486,0.00682603,0.999759,335.008,335.008
2,336.015,10000,336,10,10,289601,289348,359133700,358816800,243,0,0.000839114,0,0.00766897,0.743384,16.7949,0.00195257,0.9985,336.008,336.008
2,337.015,10000,337,10,10,290601,290348,360383700,360066800,243,0,0.000836227,0,0.00764255,0.743384,16.5146,0.0632907,1,337.008,337.008
2,338.015,10000,338,10,10,291601,291348,361633700,361316800,243,0,0.000833359,0,0.00775361,0.745299,17.3203,0.0976828,1.0015,338.008,338.008
2,339.015,10000,339,10,10,292601,292348,362883700,362566800,243,0,0.000830511,0,0.00772709,0.745299,16.9568,0.112707,0.998739,339.008,339.008
2,340.015,10000,340,10,10,293601,293348,364133700,363816800,243,0,0.000827682,0,0.00770075,0.745299,16.6884,0.0611473,1.00126,340.008,340.008
2,341.015,10000,341,10,10,294601,294348,365383700,365066800,243,0,0.000824872,0,0.00767459,0.745299,16.4179,0.086545,0.9985,341.008,341.008
2,342.015,10000,342,10,10,295601,295348,366633700,366316800,243,0,0.000822082,0,0.0076486,0.745299,16.2019,0.0307862,1,342.008,342.008
2,343.015,10000,343,10,10,296601,296348,367883700,367566800,243,0,0.00081931,0,0.00762279,0.745299,15.9435,0.053504,1.0015,343.008,343.008
2,344.015,10000,344,10,10,297601,297348,369133700,368816800,243,0,0.000816557,0,0.00759716,0.745299,15.7442,0.00646019,0.9985,344.008,344.008
2,345.015,10000,345,10,9.7728,298601,298325,370383700,370038400,243,0,0.000813885,0,0.00757228,0.745299,15.6304,0.0982554,1.0046,345.008,345.008
2,346.015,10000,346,10,10.2272,299601,299348,371633700,371316800,243,0,0.000811106,0,0.00794393,0.750158,17.3252,0.00167735,0.995604,346.008,346.008
2,347.015,10000,347,10,10,300601,300348,372883700,372566800,243,0,0.000808407,0,0.00791748,0.750158,16.924,0.129083,1.00174,347.008,347.008
2,348.015,10000,348,10,10,301601,301348,374133700,373816800,243,0,0.000805727,0,0.00789121,0.750158,16.6619,0.135884,0.9985,348.008,348.008
2,349.015,10000,349,10,10,302601,302348,375383700,375066800,243,0,0.000803064,0,0.00786511,0.750158,16.3959,0.0650287,0.999761,349.008,349.008
2,350.015,10000,350,10,10,303601,303348,376633700,376316800,243,0,0.000800419,0,0.00783918,0.750158,16.1824,0.0762397,1.00174,350.008,350.008
2,351.015,10000,351,10,9.9936,304601,304347,377883700,377566000,243,0,0.000797794,0,0.00781345,0.750158,15.9961,0.113951,1.00076,351.008,351.008
2,352.015,10000,352,10,9.9896,305601,305346,379133700,378814700,243,0,0.000795186,0,0.00782391,0.751022,16.6708,0.258124,1.001,352.008,352.008
2,353.015,10000,353,10,10,306601,306346,380383700,380064700,245,0,0.00079911,0.00199601,0.00794526,0.753094,18.672,0.0761041,0.998502,353.008,353.008
2,354.015,10000,354,10,10,307601,307346,381633700,381314700,245,0,0.000796512,0,0.00791941,0.753094,18.1903,0.0508613,1.0015,354.008,354.008
2,355.015,10000,355,10,10,308601,308346,382883700,382564700,245,0,0.000793931,0,0.00789373,0.753094,17.7621,0.0943605,1,355.008,355.008
2,356.015,10000,356,10,10,309601,309346,384133700,383814700,245,0,0.000791367,0,0.00790377,0.753932,18.2448,0.104958,0.998739,356.008,356.008
2,357.015,10000,357,10,10,310601,310346,385383700,385064700,245,0,0.000788819,0,0.0078783,0.753932,17.8513,0.129285,1,357.008,357.008
2,358.015,10000,358,10,9.9832,311601,311344,386633700,386312600,245,0,0.000786292,0,0.00785305,0.753932,17.4586,0.123116,1.00326,358.008,358.008
2,359.015,10000,359,10,10.0168,312601,312346,387883700,387564700,245,0,0.000783772,0,0.0079047,0.755739,18.8345,0.128919,0.998244,359.008,359.008
2,360.015,10000,360,10,10,313601,313346,389133700,388814700,245,0,0.000781272,0,0.0079784,0.75643,20.1534,0.155474,1.0015,360.008,360.008
2,361.015,10000,361,10,9.9832,314601,314344,390383700,390062600,245,0,0.000778794,0,0.00817576,0.757219,21.9315,0.196092,1.00051,361.008,361.008
2,362.015,10000,362,10,10.0168,315601,315346,391633700,391314700,245,0,0.000776321,0,0.00826711,0.759173,23.8006,0.183026,1.00175,362.008,362.008
2,363.015,10000,363,10,10,316601,316346,392883700,392564700,245,0,0.000773869,0,0.00845277,0.76074,24.834,0.0860799,0.996,363.008,363.008
2,364.015,10000,364,10,9.9896,317601,317345,394133700,393813400,246,0,0.000774581,0.001,0.00879484,0.766337,27.0921,0.0982414,0.999739,364.008,364.008
2,365.015,10000,365,10,10,318601,318345,395383700,395063400,246,0,0.00077215,0,0.00876722,0.766337,25.5534,0.195971,1.0015,365.008,365.008
2,366.015,10000,366,10,9.7,319601,319315,396633700,396275900,276,0,0.000863604,0.03,0.00919781,0.752498,27.4589,0.0758231,1.02913,366.008,366.008
2,367.015,10000,367,10,10,320601,320315,397883700,397525900,276,0,0.00086091,0,0.0091691,0.752498,25.9071,0.0318246,1.0015,367.008,367.008
2,368.015,10000,368,10,10,321601,321315,399133700,398775900,276,0,0.000858233,0,0.00914679,0.752625,24.7849,0.284025,1.004,368.008,368.008
2,369.015,10000,369,10,10,322601,322315,400383700,400025900,276,0,0.000855573,0,0.00914013,0.75249,24.3498,0.07591,0.996,369.008,369.008
2,370.015,10000,370,10,9.852,323601,323300,401633700,401257400,276,0,0.000852968,0,0.00911847,0.752617,23.5389,0.0146983,1.00507,370.008,370.008
2,371.015,10000,371,10,10.148,324601,324315,402883700,402525900,276,0,0.000850301,0,0.00912385,0.75331,23.5449,0.0985868,0.995079,371.008,371.008
2,372.015,10000,372,10,10,325601,325315,404133700,403775900,276,0,0.000847689,0,0.0091081,0.753561,23.0445,0.0570039,1,372.008,372.008
2,373.015,10000,373,10,10,326601,326315,405383700,405025900,276,0,0.000845094,0,0.00908018,0.753561,21.9438,0.153887,0.998739,373.008,373.008
2,374.015,10000,374,10,10,327601,327315,406633700,406275900,276,0,0.000842514,0,0.00905244,0.753561,21.0054,0.207449,1.0015,374.008,374.008
2,375.015,10000,375,10,9.5288,328601,328267,407883700,407467000,280,0,0.000852237,0.0185567,0.00910539,0.750439,23.2589,0.556695,1.03469,375.008,375.008
2,376.015,10000,376,10,10.3,329601,329311,409133700,408771200,280,0,0.000849538,0,0.00912208,0.752505,22.57,0.0816875,0.970536,376.008,376.008
2,377.015,10000,377,10,10,330601,330311,410383700,410021200,280,0,0.000846968,0,0.00909446,0.752505,21.5511,0.103988,1.00174,377.008,377.008
2,378.015,10000,378,10,10,331601,331311,411633700,411271200,280,0,0.000844414,0,0.00906701,0.752505,20.6468,0.0547214,0.999761,378.008,378.008
2,379.015,10000,379,10,9.4728,332601,332258,412883700,412455300,280,0,0.000842009,0,0.00911641,0.754045,20.894,0.0546445,1.00316,379.008,379.008
2,380.015,10000,380,10,10.5272,333601,333311,414133700,413771200,280,0,0.000839351,0,0.00911161,0.754534,21.2868,0.232588,0.998807,380.008,380.008
2,381.015,10000,381,10,9.5728,334601,334268,415383700,414967800,280,0,0.00083695,0,0.00908552,0.754534,20.4037,0.101247,1.00131,381.008,381.008
2,382.015,10000,382,10,10.4272,335601,335311,416633700,416271200,280,0,0.000834349,0,0.00907516,0.7549,20.3304,0.0115332,0.995688,382.008,382.008
2,383.015,10000,383,10,10,336601,336311,417883700,417521200,280,0,0.00083187,0,0.00908088,0.755567,20.47,0.305218,1.00174,383.008,383.008
2,384.015,10000,384,10,9.6288,337601,337273,419133700,418724800,285,0,0.000844299,0.0143443,0.009307,0.750777,21.5867,0.382397,1.01846,384.008,384.008
2,385.015,10000,385,10,10.2376,338601,338300,420383700,420008400,291,0,0.000859444,0,0.00930535,0.751851,21.3478,0.0893373,0.991727,385.008,385.008
2,386.015,10000,386,10,10,339601,339300,421633700,421258400,291,0,0.000856913,0,0.00927793,0.751851,20.5287,0.164988,1.00024,386.008,386.008
2,387.015,10000,387,10,10,340601,340300,422883700,422508400,291,0,0.000854397,0,0.00925066,0.751851,19.7619,0.0050748,0.999759,387.008,387.008
2,388.015,10000,388,10,10,341601,341300,424133700,423758400,291,0,0.000851896,0,0.00924993,0.752383,20.0667,0.441238,1.00324,388.008,388.008
2,389.015,10000,389,10,10,342601,342300,425383700,425008400,291,0,0.000849409,0,0.00924628,0.752854,20.0609,0.246013,1.00226,389.008,389.008
2,390.015,10000,390,10,9.6872,343601,343268,426633700,426219300,291,0,0.000847016,0.0122449,0.00925516,0.750709,20.5565,0.562923,1.01785,390.008,390.008
2,391.015,10000,391,10,9.5416,344601,344231,427883700,427422700,294,0,0.000853349,0.0164948,0.00929608,0.750645,21.3995,0.866475,1.01531,391.008,391.008
2,392.015,9337,392,10,10.4352,345601,345290,429133700,428746900,294,0,0.000850734,0.00666667,0.0094703,0.754151,23.3441,0.518422,0.976601,392.008,392.008
2,393.015,9337,393,10,9.9896,346601,346296,430383700,430003700,295,0,0.000851147,0.001,0.00962183,0.756585,25.4343,0.0602735,0.991548,393.008,393.008
2,394.015,9337,394,10,10,347601,347296,431633700,431253700,295,0,0.000848699,0,0.00962292,0.757136,25.0601,0.00275865,0.999759,394.008,394.008
2,395.015,9804,395,10,10,348601,348296,432883700,432503700,295,0,0.000846264,0,0.00966132,0.758224,24.7799,0.0992821,1.0015,395.008,395.008
2,396.015,10000,396,10,9.4792,349601,349244,434133700,433688600,295,0,0.000843969,0.00732984,0.00976395,0.758452,26.5771,0.598173,1.01397,396.008,396.008
2,397.015,10000,397,10,10.0728,350601,350258,435383700,434956800,295,0,0.000841528,0.00395648,0.009887,0.761099,27.1108,1.14695,1.01014,397.008,397.008
2,398.015,9455,398,10,9.64,351601,351226,436633700,436165700,308,0,0.00087616,0.0291751,0.0103096,0.754847,30.1273,0.454893,1.02636,398.008,398.008
2,399.015,9455,399,10,10.4,352601,352283,437883700,437487300,308,0,0.000873533,0,0.0103638,0.757626,28.6883,0.0732488,0.965896,399.008,399.008
2,400.015,8965,400,8.965,8.97515,353501,353184,439004300,438609194,308,0,0.000871307,0,0.0103374,0.757626,27.0165,0.0549209,1.10821,400.008,400.008
2,401.015,9414,401,8.965,8.9648,354401,354084,440124900,439729794,308,0,0.000869094,0,0.0103111,0.757626,25.4728,0.0578195,1.11111,401.008,401.008
2,402.015,9884,402,9.884,9.87481,355401,355083,441360400,440964145,308,0,0.000866651,0,0.0102821,0.757626,24.0764,0.0291613,1.001,402.008,402.008
2,403.015,10000,403,9.884,9.884,356401,356083,442595900,442199645,308,0,0.000864219,0,0.0102532,0.757626,22.8771,0.103733,1.00174,403.008,403.008
2,404.015,10000,404,9.884,9.884,357401,357083,443831400,443435145,308,0,0.000861801,0,0.0102245,0.757626,21.8296,0.00243792,0.998258,404.008,404.008
2,405.015,10000,405,9.884,9.884,358401,358083,445066900,444670645,308,0,0.000859397,0,0.010196,0.757626,20.9329,0.090298,1.00024,405.008,405.008
2,406.015,10000,406,9.884,9.884,359401,359083,446302400,445906145,308,0,0.000857005,0,0.0101676,0.757626,20.1328,0.00381787,0.999761,406.008,406.008
2,407.015,10000,407,9.884,9.884,360401,360083,447537900,447141645,308,0,0.000854627,0,0.0101393,0.757626,19.4436,0.0796003,1.00024,407.008,407.008
2,408.015,10000,408,9.884,9.884,361401,361083,448773400,448377145,308,0,0.000852263,0,0.0101112,0.757626,18.8315,0.0266101,0.999761,408.008,408.008
2,409.015,10000,409,9.884,9.884,362401,362083,450008900,449612645,308,0,0.000849911,0,0.0100833,0.757626,18.2868,0.0366121,1,409.008,409.008
2,410.015,10000,410,9.884,9.884,363401,363083,451244400,450848145,308,0,0.000847572,0,0.0100556,0.757626,17.8039,0.101646,1.00024,410.008,410.008
2,411.015,10000,411,9.884,9.884,364401,364083,452479900,452083645,308,0,0.000845246,0,0.0100554,0.758128,18.0707,0.00242995,0.999761,411.008,411.008
2,412.015,10000,412,9.884,9.884,365401,365083,453715400,453319145,308,0,0.000842933,0,0.0100279,0.758128,17.634,0.0611433,1.0015,412.008,412.008
2,413.015,10000,413,9.884,9.884,366401,366083,454950900,454554645,308,0,0.000840632,0,0.0100005,0.758128,17.212,0.155978,1.00024,413.008,413.008
2,414.015,10000,414,9.884,9.884,367401,367083,456186400,455790145,308,0,0.000838344,0,0.00997322,0.758128,16.8654,0.0943126,0.999997,414.008,414.008
2,415.015,10000,415,9.884,9.884,368401,368083,457421900,457025645,308,0,0.000836068,0,0.00994613,0.758128,16.6111,0.0913957,0.998261,415.008,415.008
2,416.015,10000,416,9.884,9.884,369401,369083,458657400,458261145,308,0,0.000833805,0,0.00991918,0.758128,16.3671,0.0231395,1,416.008,416.008
2,417.015,10000,417,9.884,9.884,370401,370083,459892900,459496645,308,0,0.000831554,0,0.00994101,0.759026,16.6206,0.109526,1.00174,417.008,417.008
2,418.015,10000,418,9.884,9.884,371401,371083,461128400,460732145,308,0,0.000829315,0,0.00991422,0.759026,16.3594,0.067691,0.998503,418.008,418.008
2,419.015,10000,419,9.884,9.884,372401,372083,462363900,461967645,308,0,0.000827088,0,0.00988758,0.759026,16.1434,0.217162,1.003,419.008,419.008
2,420.015,10000,420,9.884,9.884,373401,373083,463599400,463203145,308,0,0.000824873,0,0.00990128,0.75977,16.3074,0.244669,1.00026,420.008,420.008
2,421.015,10000,421,9.884,9.884,374401,374083,464834900,464438645,308,0,0.000822669,0,0.00987481,0.75977,16.0618,0.0644648,0.998,421.008,421.008
2,422.015,10000,422,9.884,9.884,375401,375083,466070400,465674145,308,0,0.000820478,0,0.00984849,0.75977,15.8995,0.0574254,0.998741,422.008,422.008
2,423.015,10000,423,9.884,9.884,376401,376083,467305900,466909645,308,0,0.000818298,0,0.0098223,0.75977,15.7333,0.150625,1,423.008,423.008
2,424.015,10000,424,9.884,9.884,377401,377083,468541400,468145145,308,0,0.00081613,0,0.00979625,0.75977,15.5712,0.11155,0.999759,424.008,424.008
2,425.015,10000,425,9.884,9.884,378401,378083,469776900,469380645,308,0,0.000813973,0,0.00977034,0.75977,15.4317,0.115031,1.00024,425.008,425.008
2,426.015,10000,426,9.884,9.884,379401,379083,471012400,470616145,308,0,0.000811827,0,0.00979205,0.760656,15.8839,0.0028911,0.999759,426.008,426.008
2,427.015,10000,427,9.884,9.884,380401,380083,472247900,471851645,308,0,0.000809693,0,0.00976629,0.760656,15.7105,0.133175,1.00174,427.008,427.008
2,428.015,10000,428,9.884,9.884,381401,381083,473483400,473087145,308,0,0.00080757,0,0.00974066,0.760656,15.5328,0.145153,0.999997,428.008,428.008
2,429.015,10000,429,9.884,9.884,382401,382083,474718900,474322645,308,0,0.000805458,0,0.00971517,0.760656,15.2807,0.0682213,0.999761,429.008,429.008
2,430.015,10000,430,9.884,9.884,383401,383083,475954400,475558145,308,0,0.000803357,0,0.00968981,0.760656,15.1688,0.0847798,0.9985,430.008,430.008
2,431.015,10000,431,9.884,9.884,384401,384083,477189900,476793645,308,0,0.000801267,0,0.00966458,0.760656,15.0854,0.0612025,1.0015,431.008,431.008
2,432.015,10000,432,9.884,9.884,385401,385083,478425400,478029145,308,0,0.000799188,0,0.00963948,0.760656,14.982,0.0383536,0.9985,432.008,432.008
2,433.015,10000,433,9.884,9.884,386401,386083,479660900,479264645,308,0,0.00079712,0,0.00961451,0.760656,14.857,0.0533006,1.00024,433.008,433.008
2,434.015,10000,434,9.884,9.884,387401,387083,480896400,480500145,308,0,0.000795062,0,0.00960776,0.760999,15.1126,0.2065,1,434.008,434.008
2,435.015,10000,435,9.884,9.884,388401,388083,482131900,481735645,308,0,0.000793015,0,0.009583,0.760999,14.9303,0.0829072,0.998261,435.008,435.008
2,436.015,10000,436,9.884,9.884,389401,389083,483367400,482971145,308,0,0.000790979,0,0.00955837,0.760999,14.8092,0.023763,1.0015,436.008,436.008
2,437.015,10000,437,9.884,9.884,390401,390083,484602900,484206645,308,0,0.000788953,0,0.00953387,0.760999,14.8172,0.0701667,1,437.008,437.008
2,438.015,10000,438,9.884,9.884,391401,391083,485838400,485442145,308,0,0.000786937,0,0.00950949,0.760999,14.7908,0.0304517,1,438.008,438.008
2,439.015,10000,439,9.884,9.884,392401,392083,487073900,486677645,308,0,0.000784931,0,0.00948524,0.760999,14.7662,0.0632477,1,439.008,439.008
2,440.015,10000,440,9.884,9.884,393401,393083,488309400,487913145,308,0,0.000782936,0,0.00946111,0.760999,14.7456,0.19391,1.00024,440.008,440.008
2,441.015,10000,441,9.884,9.884,394401,394083,489544900,489148645,308,0,0.000780951,0,0.0094371,0.760999,14.6779,0.11707,0.999761,441.008,441.008
2,442.015,10000,442,9.884,9.884,395401,395083,490780400,490384145,308,0,0.000778976,0,0.00941321,0.760999,14.6419,0.104496,1,442.008,442.008
2,443.015,10000,443,9.884,9.884,396401,396083,492015900,491619645,308,0,0.000777011,0,0.00938945,0.760999,14.6218,0.00804516,1,443.008,443.008
2,444.015,10000,444,9.884,9.884,397401,397083,493251400,492855145,308,0,0.000775055,0,0.0093658,0.760999,14.5068,0.0828645,1.0015,444.008,444.008
2,445.015,10000,445,9.884,9.884,398401,398083,494486900,494090645,308,0,0.00077311,0,0.00934227,0.760999,14.4574,0.0651789,0.9985,445.008,445.008
2,446.015,10000,446,9.884,9.884,399401,399083,495722400,495326145,308,0,0.000771174,0,0.00931886,0.760999,14.3846,0.0075057,1,446.008,446.008
2,447.015,10000,447,9.884,9.884,400401,400083,496957900,496561645,308,0,0.000769248,0,0.00929557,0.760999,14.4113,0.0711934,1,447.008,447.008
2,448.015,10000,448,9.884,9.884,401401,401083,498193400,497797145,308,0,0.000767332,0,0.00942448,0.761636,15.0738,0.0555009,1.0015,448.008,448.008
2,449.015,10000,449,9.884,9.884,402401,402083,499428900,499032645,308,0,0.000765425,0,0.00940104,0.761636,14.9979,0.0864814,0.9985,449.008,449.008
2,450.015,10000,450,9.884,9.884,403401,403083,500664400,500268145,308,0,0.000763527,0,0.00937772,0.761636,14.915,0.231213,1.00174,450.008,450.008
2,451.015,10000,451,9.884,9.884,404401,404083,501899900,501503645,308,0,0.000761639,0,0.00935451,0.761636,14.8687,0.0271712,0.998261,451.008,451.008
2,452.015,10000,452,9.884,9.884,405401,405083,503135400,502739145,308,0,0.00075976,0,0.00933142,0.761636,14.8655,0.390316,1.00324,452.008,452.008
2,453.015,10000,453,9.884,9.884,406401,406083,504370900,503974645,308,0,0.000757891,0,0.00932814,0.76202,15.1875,0.161854,0.996759,453.008,453.008
2,454.015,10000,454,9.884,9.884,407401,407083,505606400,505210145,308,0,0.00075603,0,0.00930523,0.76202,15.0928,0.0319762,1.0015,454.008,454.008
2,455.015,10000,455,9.884,9.884,408401,408083,506841900,506445645,308,0,0.000754179,0,0.00928243,0.76202,15.0589,0.164793,0.998739,455.008,455.008
2,456.015,10000,456,9.884,9.71228,409401,409065,508077400,507659680,326,0,0.000796305,0.018,0.00960239,0.759327,16.907,0.267654,1.01833,456.008,456.008
2,457.015,10000,457,9.884,9.884,410401,410065,509312900,508895180,326,0,0.000794364,0,0.00960092,0.759745,16.9187,0.00165071,0.999759,457.008,457.008
2,458.015,10000,458,9.884,9.884,411401,411065,510548400,510130680,326,0,0.000792433,0,0.00957756,0.759745,16.6332,0.0506969,1,458.008,458.008
2,459.015,10000,459,9.884,9.884,412401,412065,511783900,511366180,326,0,0.000790512,0,0.00955432,0.759745,16.412,0.218596,1.00174,459.008,459.008
2,460.015,10000,460,9.884,9.884,413401,413065,513019400,512601680,326,0,0.0007886,0,0.00955782,0.760254,16.5988,0.0270633,0.998261,460.008,460.008
2,461.015,10000,461,9.884,9.884,414401,414065,514254900,513837180,326,0,0.000786697,0,0.00953473,0.760254,16.3518,0.172486,1.00174,461.008,461.008
2,462.015,10000,462,9.884,9.884,415401,415065,515490400,515072680,326,0,0.000784803,0,0.00952622,0.760531,16.4409,0.227436,1.003,462.008,462.008
2,463.015,10000,463,9.884,9.71236,416401,416048,516725900,516286725,326,0,0.00078295,0.00707071,0.00959745,0.760716,20.0139,0.749932,1.01145,463.008,463.008
2,464.015,10000,464,9.884,9.98284,417401,417065,517961400,517543680,326,0,0.000781042,0,0.00959083,0.761035,19.857,0.0971572,0.98598,464.008,464.008
2,465.015,10000,465,9.884,9.884,418401,418065,519196900,518779180,326,0,0.000779175,0,0.00956789,0.761035,19.1854,0.139811,1,465.008,465.008
2,466.015,10000,466,9.884,9.884,419401,419065,520432400,520014680,326,0,0.000777318,0,0.00959517,0.761553,20.1934,0.0205579,0.998261,466.008,466.008
2,467.015,10000,467,9.884,9.884,420401,420065,521667900,521250180,326,0,0.000775469,0,0.00957233,0.761553,19.494,0.0476286,1,467.008,467.008
2,468.015,10000,468,9.884,9.884,421401,421065,522903400,522485680,326,0,0.000773628,0,0.00955434,0.761643,19.2089,0.0292281,1,468.008,468.008
2,469.015,10000,469,9.884,9.57184,422401,422033,524138900,523682160,326,0,0.000771855,0,0.00953243,0.761643,18.6744,0.2305,1.00206,469.008,469.008
2,470.015,10000,470,9.884,10.1962,423401,423065,525374400,524956680,326,0,0.000769974,0,0.0095139,0.761734,18.4474,0.090036,0.999517,470.008,470.008
2,471.015,10000,471,9.884,9.884,424401,424065,526609900,526192180,326,0,0.00076816,0,0.00949854,0.761869,18.312,0.109061,0.9985,471.008,471.008
2,472.015,10000,472,9.884,9.884,425401,425065,527845400,527427680,326,0,0.000766354,0,0.0094762,0.761869,17.8599,0.144753,1.00024,472.008,472.008
2,473.015,10000,473,9.884,9.884,426401,426065,529080900,528663180,326,0,0.000764556,0,0.00945396,0.761869,17.3888,0.0476968,0.999761,473.008,473.008
2,474.015,10000,474,9.884,9.884,427401,427065,530316400,529898680,326,0,0.000762768,0,0.00943182,0.761869,16.862,0.166961,1,474.008,474.008
2,475.015,10000,475,9.884,9.884,428401,428065,531551900,531134180,326,0,0.000760987,0,0.00940979,0.761869,16.3261,0.0107168,1,475.008,475.008
2,476.015,10000,476,9.884,9.884,429401,429065,532787400,532369680,326,0,0.000759215,0,0.00938785,0.761869,16.1166,0.16239,1,476.008,476.008
2,477.015,10000,477,9.884,9.884,430401,430065,534022900,533605180,326,0,0.000757451,0,0.00936603,0.761869,15.8658,0.0487487,1,477.008,477.008
2,478.015,10000,478,9.884,9.884,431401,431065,535258400,534840680,326,0,0.000755695,0,0.0093443,0.761869,15.7048,0.0969877,1.00174,478.008,478.008
2,479.015,10000,479,9.884,9.884,432401,432065,536493900,536076180,326,0,0.000753947,0,0.00932267,0.761869,15.562,0.10025,0.999759,479.008,479.008
2,480.015,10000,480,9.884,9.884,433401,433065,537729400,537311680,326,0,0.000752208,0,0.00931269,0.762094,16.1172,0.0144259,0.9985,480.008,480.008
2,481.015,10000,481,9.884,9.884,434401,434065,538964900,538547180,326,0,0.000750476,0,0.00934422,0.763123,17.3311,0.0143636,1.0015,481.008,481.008
2,482.015,10000,482,9.884,9.884,435401,435065,540200400,539782680,326,0,0.000748752,0,0.00932274,0.763123,16.9689,0.093076,0.9985,482.008,482.008
2,483.015,10000,483,9.884,9.884,436401,436065,541435900,541018180,326,0,0.000747036,0,0.00930137,0.763123,16.7532,0.0896594,1.003,483.008,483.008
2,484.015,10000,484,9.884,9.884,437401,437065,542671400,542253680,326,0,0.000745329,0,0.00935559,0.764442,18.2087,0.0774428,0.9985,484.008,484.008
2,485.015,10000,485,9.884,9.884,438401,438065,543906900,543489180,326,0,0.000743628,0,0.00933423,0.764442,17.7503,0.133499,0.998739,485.008,485.008
2,486.015,10000,486,9.884,9.884,439401,439065,545142400,544724680,326,0,0.000741936,0,0.0093198,0.764574,17.6973,0.0631282,1.00126,486.008,486.008
2,487.015,10000,487,9.884,9.884,440401,440065,546377900,545960180,326,0,0.000740251,0,0.00930999,0.764794,17.9288,0.0500744,0.9985,487.008,487.008
2,488.015,10000,488,9.884,9.884,441401,441065,547613400,547195680,326,0,0.000738574,0,0.00928888,0.764794,17.5299,0.00906981,1.0015,488.008,488.008
2,489.015,10000,489,9.884,9.884,442401,442065,548848900,548431180,326,0,0.000736905,0,0.00930406,0.765494,18.6584,0.0630752,1,489.008,489.008
2,490.015,10000,490,9.884,9.68632,443401,443045,550084400,549641970,326,0,0.000735276,0,0.00933539,0.766352,19.3327,0.0547978,1,490.008,490.008
2,491.015,10000,491,9.884,10.0817,444401,444065,551319900,550902180,326,0,0.000733588,0,0.00933647,0.766784,19.4244,0.114518,1.00024,491.008,491.008
2,492.015,10000,492,9.884,9.884,445401,445065,552555400,552137680,326,0,0.000731941,0,0.00943458,0.768485,21.0828,0.0669279,0.999996,492.008,492.008
2,493.015,10000,493,9.884,9.85796,446401,446062,553790900,553369925,326,0,0.000730306,0,0.00946954,0.769539,22.4275,0.393896,1.00277,493.008,493.008
2,494.015,10000,494,9.884,9.91004,447401,447065,555026400,554608680,326,0,0.000728669,0,0.00954447,0.770217,23.2537,0.119877,0.997012,494.008,494.008
2,495.015,10000,495,9.884,9.884,448401,448065,556261900,555844180,326,0,0.000727044,0,0.00956334,0.770822,23.4294,0.0254959,0.9985,495.008,495.008
2,496.015,10000,496,9.884,9.884,449401,449065,557497400,557079680,326,0,0.000725426,0,0.00955986,0.771151,23.0118,0.209338,1.00474,496.008,496.008
2,497.015,10000,497,9.884,9.86836,450401,450063,558732900,558313225,326,0,0.000723819,0,0.00965198,0.772954,24.3217,0.0990205,0.998754,497.008,497.008
2,498.015,10000,498,9.884,9.81644,451401,451057,559968400,559540280,326,0,0.000722225,0.00798403,0.00981916,0.772545,27.2436,0.475704,1.00679,498.008,498.008
2,499.015,10000,499,9.884,9.884,452401,452062,561203900,560782280,329,0,0.000727247,0,0.00983493,0.773352,26.804,0.258522,0.994522,499.008,499.008
2,500.015,9388,500,9.884,9.884,453401,453062,562439400,562017780,329,0,0.000725643,0,0.00981764,0.773431,25.7147,0.225965,0.999997,500.008,500.008
2,501.015,9858,501,9.884,9.884,454401,454062,563674900,563253280,329,0,0.000724046,0,0.00979602,0.773431,24.3135,0.13527,0.999761,501.008,501.008
2,502.015,10000,502,9.884,9.884,455401,455062,564910400,564488780,329,0,0.000722456,0,0.00979207,0.773745,23.5595,0.0929845,1,502.008,502.008
2,503.015,10000,503,9.884,9.884,456401,456062,566145900,565724280,329,0,0.000720873,0,0.00983857,0.774422,23.5093,0.0501276,1,503.008,503.008
2,504.015,10000,504,9.884,9.884,457401,457062,567381400,566959780,329,0,0.000719297,0,0.00982361,0.774539,22.7805,0.167906,1.00024,504.008,504.008
2,505.015,10000,505,9.884,9.884,458401,458062,568616900,568195280,329,0,0.000717728,0,0.00985893,0.775146,23.8196,0.0816526,0.999759,505.008,505.008
2,506.015,10000,506,9.884,9.884,459401,459062,569852400,569430780,329,0,0.000716166,0,0.00985052,0.775377,23.2284,0.142727,1.00024,506.008,506.008
2,507.015,10000,507,9.884,9.884,460401,460062,571087900,570666280,329,0,0.00071461,0,0.00986171,0.775423,23.5392,0.0886391,0.999759,507.008,507.008
2,508.015,10000,508,9.884,9.884,461401,461062,572323400,571901780,329,0,0.000713061,0,0.00985768,0.77573,22.8977,0.0887371,1.00024,508.008,508.008
2,509.015,10000,509,9.884,9.884,462401,462062,573558900,573137280,329,0,0.000711519,0,0.00983634,0.77573,21.8377,0.0812654,0.999761,509.008,509.008
2,510.015,10000,510,9.884,9.884,463401,463062,574794400,574372780,329,0,0.000709984,0,0.0098151,0.77573,21.0012,0.0246868,0.9985,510.008,510.008
2,511.015,10000,511,9.884,9.884,464401,464062,576029900,575608280,329,0,0.000708455,0,0.00979395,0.77573,20.3139,0.113794,1.0015,511.008,511.008
